Model Name,Symbol,Symbol Weight,Symbol Rank,Legacy Position Flag
COMMUNICATION SERVICES - Conservative,ATVI,0.45,1000,No
COMMUNICATION SERVICES - Conservative,T,0.45,750,No
COMMUNICATION SERVICES - Conservative,DIS,0.0999999999999999,500,No
COMMUNICATION SERVICES - Conservative,GOOG,0,250,No
COMMUNICATION SERVICES - Conservative,CMCSA,0,0,Yes
COMMUNICATION SERVICES - Conservative,FB,0,0,Yes
COMMUNICATION SERVICES - Conservative,VZ,0,0,Yes
COMMUNICATION SERVICES - Conservative,NFLX,0,0,Yes
COMMUNICATION SERVICES - Conservative,TCEHY,0,0,Yes
COMMUNICATION SERVICES - Conservative,NYT,0,0,Yes
COMMUNICATION SERVICES - Conservative,CHTR,0,0,Yes
COMMUNICATION SERVICES - Conservative,PINS,0,0,Yes
COMMUNICATION SERVICES - Conservative,SNAP,0,0,Yes
COMMUNICATION SERVICES - Conservative,VIAC,0,0,Yes
COMMUNICATION SERVICES - Conservative,BILI,0,0,Yes
COMMUNICATION SERVICES - Conservative,ZNGA,0,0,Yes
COMMUNICATION SERVICES - Conservative,AMX,0,0,Yes
COMMUNICATION SERVICES - Conservative,LUMN,0,0,Yes
COMMUNICATION SERVICES - Conservative,EA,0,0,Yes
COMMUNICATION SERVICES - Conservative,TWTR,0,0,Yes
COMMUNICATION SERVICES - Conservative,AMC,0,0,Yes
COMMUNICATION SERVICES - Conservative,IQ,0,0,Yes
COMMUNICATION SERVICES - Conservative,RBLX,0,0,Yes
COMMUNICATION SERVICES - Conservative,VOD,0,0,Yes
COMMUNICATION SERVICES - Conservative,IPG,0,0,Yes
COMMUNICATION SERVICES - Conservative,SIRI,0,0,Yes
COMMUNICATION SERVICES - Conservative,TTWO,0,0,Yes
COMMUNICATION SERVICES - Conservative,NTDOY,0,0,Yes
COMMUNICATION SERVICES - Conservative,OMC,0,0,Yes
COMMUNICATION SERVICES - Conservative,CHL,0,0,Yes
COMMUNICATION SERVICES - Conservative,SPOT,0,0,Yes
COMMUNICATION SERVICES - Conservative,IAC,0,0,Yes
COMMUNICATION SERVICES - Conservative,MTCH,0,0,Yes
COMMUNICATION SERVICES - Conservative,MSGE,0,0,Yes
COMMUNICATION SERVICES - Conservative,MSGS,0,0,Yes
COMMUNICATION SERVICES - Conservative,AMCX,0,0,Yes
COMMUNICATION SERVICES - Conservative,FOXA,0,0,Yes
COMMUNICATION SERVICES - Conservative,VIACA,0,0,Yes
COMMUNICATION SERVICES - Conservative,DISCA,0,0,Yes
COMMUNICATION SERVICES - Conservative,TMUS,0,0,Yes
COMMUNICATION SERVICES - Conservative,TDS,0,0,Yes
COMMUNICATION SERVICES - Growth,ATVI,0.45,1000,No
COMMUNICATION SERVICES - Growth,GOOG,0.45,750,No
COMMUNICATION SERVICES - Growth,T,0.0999999999999999,500,No
COMMUNICATION SERVICES - Growth,DIS,0,250,No
COMMUNICATION SERVICES - Growth,CMCSA,0,0,Yes
COMMUNICATION SERVICES - Growth,FB,0,0,Yes
COMMUNICATION SERVICES - Growth,VZ,0,0,Yes
COMMUNICATION SERVICES - Growth,NFLX,0,0,Yes
COMMUNICATION SERVICES - Growth,TCEHY,0,0,Yes
COMMUNICATION SERVICES - Growth,NYT,0,0,Yes
COMMUNICATION SERVICES - Growth,CHTR,0,0,Yes
COMMUNICATION SERVICES - Growth,PINS,0,0,Yes
COMMUNICATION SERVICES - Growth,SNAP,0,0,Yes
COMMUNICATION SERVICES - Growth,VIAC,0,0,Yes
COMMUNICATION SERVICES - Growth,BILI,0,0,Yes
COMMUNICATION SERVICES - Growth,ZNGA,0,0,Yes
COMMUNICATION SERVICES - Growth,AMX,0,0,Yes
COMMUNICATION SERVICES - Growth,LUMN,0,0,Yes
COMMUNICATION SERVICES - Growth,EA,0,0,Yes
COMMUNICATION SERVICES - Growth,TWTR,0,0,Yes
COMMUNICATION SERVICES - Growth,AMC,0,0,Yes
COMMUNICATION SERVICES - Growth,IQ,0,0,Yes
COMMUNICATION SERVICES - Growth,RBLX,0,0,Yes
COMMUNICATION SERVICES - Growth,VOD,0,0,Yes
COMMUNICATION SERVICES - Growth,IPG,0,0,Yes
COMMUNICATION SERVICES - Growth,SIRI,0,0,Yes
COMMUNICATION SERVICES - Growth,TTWO,0,0,Yes
COMMUNICATION SERVICES - Growth,NTDOY,0,0,Yes
COMMUNICATION SERVICES - Growth,OMC,0,0,Yes
COMMUNICATION SERVICES - Growth,CHL,0,0,Yes
COMMUNICATION SERVICES - Growth,SPOT,0,0,Yes
COMMUNICATION SERVICES - Growth,IAC,0,0,Yes
COMMUNICATION SERVICES - Growth,MTCH,0,0,Yes
COMMUNICATION SERVICES - Growth,MSGE,0,0,Yes
COMMUNICATION SERVICES - Growth,MSGS,0,0,Yes
COMMUNICATION SERVICES - Growth,AMCX,0,0,Yes
COMMUNICATION SERVICES - Growth,FOXA,0,0,Yes
COMMUNICATION SERVICES - Growth,VIACA,0,0,Yes
COMMUNICATION SERVICES - Growth,DISCA,0,0,Yes
COMMUNICATION SERVICES - Growth,TMUS,0,0,Yes
COMMUNICATION SERVICES - Growth,TDS,0,0,Yes
CONSUMER DISCRETIONARY - Conservative,HD,0.41000000000000003,1000,No
CONSUMER DISCRETIONARY - Conservative,DHI,0.41000000000000003,833,No
CONSUMER DISCRETIONARY - Conservative,BABA,0.18,667,No
CONSUMER DISCRETIONARY - Conservative,SBUX,0,500,No
CONSUMER DISCRETIONARY - Conservative,AMZN,0,333,No
CONSUMER DISCRETIONARY - Conservative,ABNB,0,167,No
CONSUMER DISCRETIONARY - Conservative,MCD,0,0,Yes
CONSUMER DISCRETIONARY - Conservative,TSLA,0,0,Yes
CONSUMER DISCRETIONARY - Conservative,TGT,0,0,Yes
CONSUMER DISCRETIONARY - Conservative,DKNG,0,0,Yes
CONSUMER DISCRETIONARY - Conservative,GM,0,0,Yes
CONSUMER DISCRETIONARY - Conservative,NKE,0,0,Yes
CONSUMER DISCRETIONARY - Conservative,ROKU,0,0,Yes
CONSUMER DISCRETIONARY - Conservative,BWA,0,0,Yes
CONSUMER DISCRETIONARY - Conservative,JWN,0,0,Yes
CONSUMER DISCRETIONARY - Conservative,UA,0,0,Yes
CONSUMER DISCRETIONARY - Conservative,WSM,0,0,Yes
CONSUMER DISCRETIONARY - Conservative,QS,0,0,Yes
CONSUMER DISCRETIONARY - Conservative,UAA,0,0,Yes
CONSUMER DISCRETIONARY - Conservative,URBN,0,0,Yes
CONSUMER DISCRETIONARY - Conservative,CCL,0,0,Yes
CONSUMER DISCRETIONARY - Conservative,F,0,0,Yes
CONSUMER DISCRETIONARY - Conservative,GRWG,0,0,Yes
CONSUMER DISCRETIONARY - Conservative,JMIA,0,0,Yes
CONSUMER DISCRETIONARY - Conservative,CMG,0,0,Yes
CONSUMER DISCRETIONARY - Conservative,SHAK,0,0,Yes
CONSUMER DISCRETIONARY - Conservative,EBAY,0,0,Yes
CONSUMER DISCRETIONARY - Conservative,PTON,0,0,Yes
CONSUMER DISCRETIONARY - Conservative,CPNG,0,0,Yes
CONSUMER DISCRETIONARY - Conservative,LKNCY,0,0,Yes
CONSUMER DISCRETIONARY - Conservative,FVRR,0,0,Yes
CONSUMER DISCRETIONARY - Conservative,LULU,0,0,Yes
CONSUMER DISCRETIONARY - Conservative,STLA,0,0,Yes
CONSUMER DISCRETIONARY - Conservative,WYNN,0,0,Yes
CONSUMER DISCRETIONARY - Conservative,NIO,0,0,Yes
CONSUMER DISCRETIONARY - Conservative,LOW,0,0,Yes
CONSUMER DISCRETIONARY - Conservative,BLMN,0,0,Yes
CONSUMER DISCRETIONARY - Conservative,RCL,0,0,Yes
CONSUMER DISCRETIONARY - Conservative,GME,0,0,Yes
CONSUMER DISCRETIONARY - Conservative,RACE,0,0,Yes
CONSUMER DISCRETIONARY - Conservative,JD,0,0,Yes
CONSUMER DISCRETIONARY - Conservative,GPS,0,0,Yes
CONSUMER DISCRETIONARY - Conservative,FUN,0,0,Yes
CONSUMER DISCRETIONARY - Conservative,XPEV,0,0,Yes
CONSUMER DISCRETIONARY - Conservative,YUM,0,0,Yes
CONSUMER DISCRETIONARY - Conservative,YUMC,0,0,Yes
CONSUMER DISCRETIONARY - Conservative,MAR,0,0,Yes
CONSUMER DISCRETIONARY - Conservative,QSR,0,0,Yes
CONSUMER DISCRETIONARY - Conservative,WEN,0,0,Yes
CONSUMER DISCRETIONARY - Conservative,BLD,0,0,Yes
CONSUMER DISCRETIONARY - Conservative,SNE,0,0,Yes
CONSUMER DISCRETIONARY - Conservative,LEN,0,0,Yes
CONSUMER DISCRETIONARY - Conservative,LEG,0,0,Yes
CONSUMER DISCRETIONARY - Conservative,VFC,0,0,Yes
CONSUMER DISCRETIONARY - Conservative,DPZ,0,0,Yes
CONSUMER DISCRETIONARY - Conservative,CHWY,0,0,Yes
CONSUMER DISCRETIONARY - Conservative,PRTS,0,0,Yes
CONSUMER DISCRETIONARY - Conservative,PHM,0,0,Yes
CONSUMER DISCRETIONARY - Conservative,LEA,0,0,Yes
CONSUMER DISCRETIONARY - Conservative,TJX,0,0,Yes
CONSUMER DISCRETIONARY - Conservative,ETSY,0,0,Yes
CONSUMER DISCRETIONARY - Conservative,ORLY,0,0,Yes
CONSUMER DISCRETIONARY - Conservative,GTXMQ,0,0,Yes
CONSUMER DISCRETIONARY - Conservative,HBI,0,0,Yes
CONSUMER DISCRETIONARY - Conservative,TM,0,0,Yes
CONSUMER DISCRETIONARY - Conservative,KIRK,0,0,Yes
CONSUMER DISCRETIONARY - Conservative,ULTA,0,0,Yes
CONSUMER DISCRETIONARY - Conservative,DG,0,0,Yes
CONSUMER DISCRETIONARY - Growth,BABA,0.41000000000000003,1000,No
CONSUMER DISCRETIONARY - Growth,AMZN,0.41000000000000003,833,No
CONSUMER DISCRETIONARY - Growth,DHI,0.18,667,No
CONSUMER DISCRETIONARY - Growth,HD,0,500,No
CONSUMER DISCRETIONARY - Growth,SBUX,0,333,No
CONSUMER DISCRETIONARY - Growth,ABNB,0,167,No
CONSUMER DISCRETIONARY - Growth,MCD,0,0,Yes
CONSUMER DISCRETIONARY - Growth,TSLA,0,0,Yes
CONSUMER DISCRETIONARY - Growth,TGT,0,0,Yes
CONSUMER DISCRETIONARY - Growth,DKNG,0,0,Yes
CONSUMER DISCRETIONARY - Growth,GM,0,0,Yes
CONSUMER DISCRETIONARY - Growth,NKE,0,0,Yes
CONSUMER DISCRETIONARY - Growth,ROKU,0,0,Yes
CONSUMER DISCRETIONARY - Growth,BWA,0,0,Yes
CONSUMER DISCRETIONARY - Growth,JWN,0,0,Yes
CONSUMER DISCRETIONARY - Growth,UA,0,0,Yes
CONSUMER DISCRETIONARY - Growth,WSM,0,0,Yes
CONSUMER DISCRETIONARY - Growth,QS,0,0,Yes
CONSUMER DISCRETIONARY - Growth,UAA,0,0,Yes
CONSUMER DISCRETIONARY - Growth,URBN,0,0,Yes
CONSUMER DISCRETIONARY - Growth,CCL,0,0,Yes
CONSUMER DISCRETIONARY - Growth,F,0,0,Yes
CONSUMER DISCRETIONARY - Growth,GRWG,0,0,Yes
CONSUMER DISCRETIONARY - Growth,JMIA,0,0,Yes
CONSUMER DISCRETIONARY - Growth,CMG,0,0,Yes
CONSUMER DISCRETIONARY - Growth,SHAK,0,0,Yes
CONSUMER DISCRETIONARY - Growth,EBAY,0,0,Yes
CONSUMER DISCRETIONARY - Growth,PTON,0,0,Yes
CONSUMER DISCRETIONARY - Growth,CPNG,0,0,Yes
CONSUMER DISCRETIONARY - Growth,LKNCY,0,0,Yes
CONSUMER DISCRETIONARY - Growth,FVRR,0,0,Yes
CONSUMER DISCRETIONARY - Growth,LULU,0,0,Yes
CONSUMER DISCRETIONARY - Growth,STLA,0,0,Yes
CONSUMER DISCRETIONARY - Growth,WYNN,0,0,Yes
CONSUMER DISCRETIONARY - Growth,NIO,0,0,Yes
CONSUMER DISCRETIONARY - Growth,LOW,0,0,Yes
CONSUMER DISCRETIONARY - Growth,BLMN,0,0,Yes
CONSUMER DISCRETIONARY - Growth,RCL,0,0,Yes
CONSUMER DISCRETIONARY - Growth,GME,0,0,Yes
CONSUMER DISCRETIONARY - Growth,RACE,0,0,Yes
CONSUMER DISCRETIONARY - Growth,JD,0,0,Yes
CONSUMER DISCRETIONARY - Growth,GPS,0,0,Yes
CONSUMER DISCRETIONARY - Growth,FUN,0,0,Yes
CONSUMER DISCRETIONARY - Growth,XPEV,0,0,Yes
CONSUMER DISCRETIONARY - Growth,YUM,0,0,Yes
CONSUMER DISCRETIONARY - Growth,YUMC,0,0,Yes
CONSUMER DISCRETIONARY - Growth,MAR,0,0,Yes
CONSUMER DISCRETIONARY - Growth,QSR,0,0,Yes
CONSUMER DISCRETIONARY - Growth,WEN,0,0,Yes
CONSUMER DISCRETIONARY - Growth,BLD,0,0,Yes
CONSUMER DISCRETIONARY - Growth,SNE,0,0,Yes
CONSUMER DISCRETIONARY - Growth,LEN,0,0,Yes
CONSUMER DISCRETIONARY - Growth,LEG,0,0,Yes
CONSUMER DISCRETIONARY - Growth,VFC,0,0,Yes
CONSUMER DISCRETIONARY - Growth,DPZ,0,0,Yes
CONSUMER DISCRETIONARY - Growth,CHWY,0,0,Yes
CONSUMER DISCRETIONARY - Growth,PRTS,0,0,Yes
CONSUMER DISCRETIONARY - Growth,PHM,0,0,Yes
CONSUMER DISCRETIONARY - Growth,LEA,0,0,Yes
CONSUMER DISCRETIONARY - Growth,TJX,0,0,Yes
CONSUMER DISCRETIONARY - Growth,ETSY,0,0,Yes
CONSUMER DISCRETIONARY - Growth,ORLY,0,0,Yes
CONSUMER DISCRETIONARY - Growth,GTXMQ,0,0,Yes
CONSUMER DISCRETIONARY - Growth,HBI,0,0,Yes
CONSUMER DISCRETIONARY - Growth,TM,0,0,Yes
CONSUMER DISCRETIONARY - Growth,KIRK,0,0,Yes
CONSUMER DISCRETIONARY - Growth,ULTA,0,0,Yes
CONSUMER DISCRETIONARY - Growth,DG,0,0,Yes
CONSUMER STAPLES - Conservative,PG,0.8400000000000001,1000,No
CONSUMER STAPLES - Conservative,PEP,0.16000000000000003,833,No
CONSUMER STAPLES - Conservative,COST,0,667,No
CONSUMER STAPLES - Conservative,STZ,0,500,No
CONSUMER STAPLES - Conservative,CL,0,333,No
CONSUMER STAPLES - Conservative,THS,0,167,No
CONSUMER STAPLES - Conservative,NSRGY,0,0,Yes
CONSUMER STAPLES - Conservative,MDLZ,0,0,Yes
CONSUMER STAPLES - Conservative,WMT,0,0,Yes
CONSUMER STAPLES - Conservative,KO,0,0,Yes
CONSUMER STAPLES - Conservative,XXII,0,0,Yes
CONSUMER STAPLES - Conservative,ADM,0,0,Yes
CONSUMER STAPLES - Conservative,LW,0,0,Yes
CONSUMER STAPLES - Conservative,DEO,0,0,Yes
CONSUMER STAPLES - Conservative,PM,0,0,Yes
CONSUMER STAPLES - Conservative,HRL,0,0,Yes
CONSUMER STAPLES - Conservative,CHD,0,0,Yes
CONSUMER STAPLES - Conservative,KHC,0,0,Yes
CONSUMER STAPLES - Conservative,WBA,0,0,Yes
CONSUMER STAPLES - Conservative,KMB,0,0,Yes
CONSUMER STAPLES - Conservative,SYY,0,0,Yes
CONSUMER STAPLES - Conservative,RMHB,0,0,Yes
CONSUMER STAPLES - Conservative,CVSI,0,0,Yes
CONSUMER STAPLES - Conservative,ENDO,0,0,Yes
CONSUMER STAPLES - Conservative,MO,0,0,Yes
CONSUMER STAPLES - Conservative,NBEV,0,0,Yes
CONSUMER STAPLES - Conservative,K,0,0,Yes
CONSUMER STAPLES - Conservative,MNST,0,0,Yes
CONSUMER STAPLES - Conservative,GIS,0,0,Yes
CONSUMER STAPLES - Conservative,CAG,0,0,Yes
CONSUMER STAPLES - Conservative,CLX,0,0,Yes
CONSUMER STAPLES - Conservative,FRPT,0,0,Yes
CONSUMER STAPLES - Conservative,NSRGF,0,0,Yes
CONSUMER STAPLES - Conservative,HAIN,0,0,Yes
CONSUMER STAPLES - Growth,PG,0.8400000000000001,1000,No
CONSUMER STAPLES - Growth,COST,0.16000000000000003,833,No
CONSUMER STAPLES - Growth,PEP,0,667,No
CONSUMER STAPLES - Growth,STZ,0,500,No
CONSUMER STAPLES - Growth,CL,0,333,No
CONSUMER STAPLES - Growth,THS,0,167,No
CONSUMER STAPLES - Growth,NSRGY,0,0,Yes
CONSUMER STAPLES - Growth,MDLZ,0,0,Yes
CONSUMER STAPLES - Growth,WMT,0,0,Yes
CONSUMER STAPLES - Growth,KO,0,0,Yes
CONSUMER STAPLES - Growth,XXII,0,0,Yes
CONSUMER STAPLES - Growth,ADM,0,0,Yes
CONSUMER STAPLES - Growth,LW,0,0,Yes
CONSUMER STAPLES - Growth,DEO,0,0,Yes
CONSUMER STAPLES - Growth,PM,0,0,Yes
CONSUMER STAPLES - Growth,HRL,0,0,Yes
CONSUMER STAPLES - Growth,CHD,0,0,Yes
CONSUMER STAPLES - Growth,KHC,0,0,Yes
CONSUMER STAPLES - Growth,WBA,0,0,Yes
CONSUMER STAPLES - Growth,KMB,0,0,Yes
CONSUMER STAPLES - Growth,SYY,0,0,Yes
CONSUMER STAPLES - Growth,RMHB,0,0,Yes
CONSUMER STAPLES - Growth,CVSI,0,0,Yes
CONSUMER STAPLES - Growth,ENDO,0,0,Yes
CONSUMER STAPLES - Growth,MO,0,0,Yes
CONSUMER STAPLES - Growth,NBEV,0,0,Yes
CONSUMER STAPLES - Growth,K,0,0,Yes
CONSUMER STAPLES - Growth,MNST,0,0,Yes
CONSUMER STAPLES - Growth,GIS,0,0,Yes
CONSUMER STAPLES - Growth,CAG,0,0,Yes
CONSUMER STAPLES - Growth,CLX,0,0,Yes
CONSUMER STAPLES - Growth,FRPT,0,0,Yes
CONSUMER STAPLES - Growth,NSRGF,0,0,Yes
CONSUMER STAPLES - Growth,HAIN,0,0,Yes
ENERGY - Conservative,KMI,1,1000,No
ENERGY - Conservative,BP,0,750,No
ENERGY - Conservative,CVX,0,500,No
ENERGY - Conservative,COP,0,0,Yes
ENERGY - Conservative,MPC,0,0,Yes
ENERGY - Conservative,MRO,0,0,Yes
ENERGY - Conservative,RDSA,0,0,Yes
ENERGY - Conservative,TOT,0,0,Yes
ENERGY - Conservative,PSX,0,0,Yes
ENERGY - Conservative,SLB,0,0,Yes
ENERGY - Conservative,EPD,0,0,Yes
ENERGY - Conservative,G6610J209,0,0,Yes
ENERGY - Conservative,EQT,0,0,Yes
ENERGY - Conservative,ETRN,0,0,Yes
ENERGY - Conservative,DVN,0,0,Yes
ENERGY - Conservative,ICD,0,0,Yes
ENERGY - Conservative,RIG,0,0,Yes
ENERGY - Conservative,SDRLF,0,0,Yes
ENERGY - Conservative,MMP,0,0,Yes
ENERGY - Conservative,TRP,0,0,Yes
ENERGY - Conservative,ET,0,0,Yes
ENERGY - Conservative,OXY,0,0,Yes
ENERGY - Conservative,ENB,0,0,Yes
ENERGY - Conservative,CLSK,0,0,Yes
ENERGY - Conservative,SPNX,0,0,Yes
ENERGY - Conservative,OKE,0,0,Yes
ENERGY - Conservative,EOG,0,0,Yes
ENERGY - Conservative,MPLX,0,0,Yes
ENERGY - Conservative,WLL,0,0,Yes
ENERGY - Conservative,VLO,0,0,Yes
ENERGY - Conservative,HAL,0,0,Yes
ENERGY - Conservative,THNPY,0,0,Yes
ENERGY - Conservative,KOS,0,0,Yes
ENERGY - Conservative,CVI,0,0,Yes
ENERGY - Conservative,XOM,0,0,No
ENERGY - Growth,BP,1,1000,No
ENERGY - Growth,CVX,0,750,No
ENERGY - Growth,KMI,0,500,No
ENERGY - Growth,COP,0,0,Yes
ENERGY - Growth,MPC,0,0,Yes
ENERGY - Growth,MRO,0,0,Yes
ENERGY - Growth,RDSA,0,0,Yes
ENERGY - Growth,TOT,0,0,Yes
ENERGY - Growth,PSX,0,0,Yes
ENERGY - Growth,SLB,0,0,Yes
ENERGY - Growth,EPD,0,0,Yes
ENERGY - Growth,G6610J209,0,0,Yes
ENERGY - Growth,EQT,0,0,Yes
ENERGY - Growth,ETRN,0,0,Yes
ENERGY - Growth,DVN,0,0,Yes
ENERGY - Growth,ICD,0,0,Yes
ENERGY - Growth,RIG,0,0,Yes
ENERGY - Growth,SDRLF,0,0,Yes
ENERGY - Growth,MMP,0,0,Yes
ENERGY - Growth,TRP,0,0,Yes
ENERGY - Growth,ET,0,0,Yes
ENERGY - Growth,OXY,0,0,Yes
ENERGY - Growth,ENB,0,0,Yes
ENERGY - Growth,CLSK,0,0,Yes
ENERGY - Growth,SPNX,0,0,Yes
ENERGY - Growth,OKE,0,0,Yes
ENERGY - Growth,EOG,0,0,Yes
ENERGY - Growth,MPLX,0,0,Yes
ENERGY - Growth,WLL,0,0,Yes
ENERGY - Growth,VLO,0,0,Yes
ENERGY - Growth,HAL,0,0,Yes
ENERGY - Growth,THNPY,0,0,Yes
ENERGY - Growth,KOS,0,0,Yes
ENERGY - Growth,CVI,0,0,Yes
ENERGY - Growth,XOM,0,0,No
FINANCIALS - Conservative,C,0.43000000000000005,1000,No
FINANCIALS - Conservative,ALL,0.43000000000000005,889,No
FINANCIALS - Conservative,BLK,0.13999999999999999,778,No
FINANCIALS - Conservative,PACW,0,667,No
FINANCIALS - Conservative,JPM,0,556,No
FINANCIALS - Conservative,WFC,0,444,No
FINANCIALS - Conservative,BAC,0,333,No
FINANCIALS - Conservative,SCHW,0,222,No
FINANCIALS - Conservative,BRKB,0,111,No
FINANCIALS - Conservative,IBN,0,0,Yes
FINANCIALS - Conservative,MS,0,0,Yes
FINANCIALS - Conservative,TFC,0,0,Yes
FINANCIALS - Conservative,HBAN,0,0,Yes
FINANCIALS - Conservative,TPVG,0,0,Yes
FINANCIALS - Conservative,BK,0,0,Yes
FINANCIALS - Conservative,AX,0,0,Yes
FINANCIALS - Conservative,BGCP,0,0,Yes
FINANCIALS - Conservative,RGA,0,0,Yes
FINANCIALS - Conservative,COF,0,0,Yes
FINANCIALS - Conservative,AMP,0,0,Yes
FINANCIALS - Conservative,AXP,0,0,Yes
FINANCIALS - Conservative,SAN,0,0,Yes
FINANCIALS - Conservative,BHBCQ,0,0,Yes
FINANCIALS - Conservative,RY,0,0,Yes
FINANCIALS - Conservative,TD,0,0,Yes
FINANCIALS - Conservative,USB,0,0,Yes
FINANCIALS - Conservative,AFL,0,0,Yes
FINANCIALS - Conservative,BKPPF,0,0,Yes
FINANCIALS - Conservative,PBAM,0,0,Yes
FINANCIALS - Conservative,MFC,0,0,Yes
FINANCIALS - Conservative,BMO,0,0,Yes
FINANCIALS - Conservative,TRV,0,0,Yes
FINANCIALS - Conservative,NYCB,0,0,Yes
FINANCIALS - Conservative,WAL,0,0,Yes
FINANCIALS - Conservative,SI,0,0,Yes
FINANCIALS - Conservative,MET,0,0,Yes
FINANCIALS - Conservative,BEN,0,0,Yes
FINANCIALS - Conservative,HFWA,0,0,Yes
FINANCIALS - Conservative,PFG,0,0,Yes
FINANCIALS - Conservative,EDVR,0,0,Yes
FINANCIALS - Conservative,PRU,0,0,Yes
FINANCIALS - Conservative,RKT,0,0,Yes
FINANCIALS - Conservative,CM,0,0,Yes
FINANCIALS - Conservative,CFG,0,0,Yes
FINANCIALS - Conservative,NLY,0,0,Yes
FINANCIALS - Conservative,BX,0,0,Yes
FINANCIALS - Conservative,SYF,0,0,Yes
FINANCIALS - Conservative,AB,0,0,Yes
FINANCIALS - Conservative,THG,0,0,Yes
FINANCIALS - Conservative,GS,0,0,Yes
FINANCIALS - Conservative,AJG,0,0,Yes
FINANCIALS - Conservative,BPOP,0,0,Yes
FINANCIALS - Conservative,KEY,0,0,Yes
FINANCIALS - Conservative,LNC,0,0,Yes
FINANCIALS - Conservative,JHG,0,0,Yes
FINANCIALS - Conservative,ICE,0,0,Yes
FINANCIALS - Conservative,CB,0,0,Yes
FINANCIALS - Conservative,FDS,0,0,Yes
FINANCIALS - Growth,C,0.43000000000000005,1000,No
FINANCIALS - Growth,ALL,0.43000000000000005,889,No
FINANCIALS - Growth,BLK,0.13999999999999999,778,No
FINANCIALS - Growth,WFC,0,667,No
FINANCIALS - Growth,JPM,0,556,No
FINANCIALS - Growth,BAC,0,444,No
FINANCIALS - Growth,BRKB,0,333,No
FINANCIALS - Growth,SCHW,0,222,No
FINANCIALS - Growth,PACW,0,111,No
FINANCIALS - Growth,IBN,0,0,Yes
FINANCIALS - Growth,MS,0,0,Yes
FINANCIALS - Growth,TFC,0,0,Yes
FINANCIALS - Growth,HBAN,0,0,Yes
FINANCIALS - Growth,TPVG,0,0,Yes
FINANCIALS - Growth,BK,0,0,Yes
FINANCIALS - Growth,AX,0,0,Yes
FINANCIALS - Growth,BGCP,0,0,Yes
FINANCIALS - Growth,RGA,0,0,Yes
FINANCIALS - Growth,COF,0,0,Yes
FINANCIALS - Growth,AMP,0,0,Yes
FINANCIALS - Growth,AXP,0,0,Yes
FINANCIALS - Growth,SAN,0,0,Yes
FINANCIALS - Growth,BHBCQ,0,0,Yes
FINANCIALS - Growth,RY,0,0,Yes
FINANCIALS - Growth,TD,0,0,Yes
FINANCIALS - Growth,USB,0,0,Yes
FINANCIALS - Growth,AFL,0,0,Yes
FINANCIALS - Growth,BKPPF,0,0,Yes
FINANCIALS - Growth,PBAM,0,0,Yes
FINANCIALS - Growth,MFC,0,0,Yes
FINANCIALS - Growth,BMO,0,0,Yes
FINANCIALS - Growth,TRV,0,0,Yes
FINANCIALS - Growth,NYCB,0,0,Yes
FINANCIALS - Growth,WAL,0,0,Yes
FINANCIALS - Growth,SI,0,0,Yes
FINANCIALS - Growth,MET,0,0,Yes
FINANCIALS - Growth,BEN,0,0,Yes
FINANCIALS - Growth,HFWA,0,0,Yes
FINANCIALS - Growth,PFG,0,0,Yes
FINANCIALS - Growth,EDVR,0,0,Yes
FINANCIALS - Growth,PRU,0,0,Yes
FINANCIALS - Growth,RKT,0,0,Yes
FINANCIALS - Growth,CM,0,0,Yes
FINANCIALS - Growth,CFG,0,0,Yes
FINANCIALS - Growth,NLY,0,0,Yes
FINANCIALS - Growth,BX,0,0,Yes
FINANCIALS - Growth,SYF,0,0,Yes
FINANCIALS - Growth,AB,0,0,Yes
FINANCIALS - Growth,THG,0,0,Yes
FINANCIALS - Growth,GS,0,0,Yes
FINANCIALS - Growth,AJG,0,0,Yes
FINANCIALS - Growth,BPOP,0,0,Yes
FINANCIALS - Growth,KEY,0,0,Yes
FINANCIALS - Growth,LNC,0,0,Yes
FINANCIALS - Growth,JHG,0,0,Yes
FINANCIALS - Growth,ICE,0,0,Yes
FINANCIALS - Growth,CB,0,0,Yes
FINANCIALS - Growth,FDS,0,0,Yes
HEALTH CARE - Conservative,GILD,0.39,1000,No
HEALTH CARE - Conservative,HRTX,0.39,889,No
HEALTH CARE - Conservative,BMY,0.22000000000000008,778,No
HEALTH CARE - Conservative,MRK,0,667,No
HEALTH CARE - Conservative,NVS,0,556,No
HEALTH CARE - Conservative,PFE,0,444,No
HEALTH CARE - Conservative,NKTR,0,333,No
HEALTH CARE - Conservative,JNJ,0,222,No
HEALTH CARE - Conservative,ILMN,0,111,No
HEALTH CARE - Conservative,VTRS,0,0,Yes
HEALTH CARE - Conservative,ABBV,0,0,Yes
HEALTH CARE - Conservative,ABT,0,0,Yes
HEALTH CARE - Conservative,SYK,0,0,Yes
HEALTH CARE - Conservative,ALC,0,0,Yes
HEALTH CARE - Conservative,TMO,0,0,Yes
HEALTH CARE - Conservative,BAX,0,0,Yes
HEALTH CARE - Conservative,NVO,0,0,Yes
HEALTH CARE - Conservative,SNY,0,0,Yes
HEALTH CARE - Conservative,ADCT,0,0,Yes
HEALTH CARE - Conservative,AKUS,0,0,Yes
HEALTH CARE - Conservative,ARCT,0,0,Yes
HEALTH CARE - Conservative,AUPH,0,0,Yes
HEALTH CARE - Conservative,BEAM,0,0,Yes
HEALTH CARE - Conservative,BPMC,0,0,Yes
HEALTH CARE - Conservative,CRSP,0,0,Yes
HEALTH CARE - Conservative,DTIL,0,0,Yes
HEALTH CARE - Conservative,EDIT,0,0,Yes
HEALTH CARE - Conservative,FIXX,0,0,Yes
HEALTH CARE - Conservative,GTHX,0,0,Yes
HEALTH CARE - Conservative,HALO,0,0,Yes
HEALTH CARE - Conservative,KLDO,0,0,Yes
HEALTH CARE - Conservative,KPTI,0,0,Yes
HEALTH CARE - Conservative,LOGC,0,0,Yes
HEALTH CARE - Conservative,LYRA,0,0,Yes
HEALTH CARE - Conservative,MYOV,0,0,Yes
HEALTH CARE - Conservative,OPK,0,0,Yes
HEALTH CARE - Conservative,OTLK,0,0,Yes
HEALTH CARE - Conservative,PASG,0,0,Yes
HEALTH CARE - Conservative,PLRX,0,0,Yes
HEALTH CARE - Conservative,SPPI,0,0,Yes
HEALTH CARE - Conservative,SPRO,0,0,Yes
HEALTH CARE - Conservative,AZN,0,0,Yes
HEALTH CARE - Conservative,DXCM,0,0,Yes
HEALTH CARE - Conservative,EW,0,0,Yes
HEALTH CARE - Conservative,MRNA,0,0,Yes
HEALTH CARE - Conservative,TNDM,0,0,Yes
HEALTH CARE - Conservative,CI,0,0,Yes
HEALTH CARE - Conservative,ARVN,0,0,Yes
HEALTH CARE - Conservative,CVS,0,0,Yes
HEALTH CARE - Conservative,AMGN,0,0,Yes
HEALTH CARE - Conservative,ZTS,0,0,Yes
HEALTH CARE - Conservative,UNH,0,0,Yes
HEALTH CARE - Conservative,NBIX,0,0,Yes
HEALTH CARE - Conservative,RNA,0,0,Yes
HEALTH CARE - Conservative,SDGR,0,0,Yes
HEALTH CARE - Conservative,CRL,0,0,Yes
HEALTH CARE - Conservative,ACAD,0,0,Yes
HEALTH CARE - Conservative,TDOC,0,0,Yes
HEALTH CARE - Conservative,GOSS,0,0,Yes
HEALTH CARE - Conservative,TLRY,0,0,Yes
HEALTH CARE - Conservative,BSX,0,0,Yes
HEALTH CARE - Conservative,BNGO,0,0,Yes
HEALTH CARE - Conservative,RGLS,0,0,Yes
HEALTH CARE - Conservative,SONVY,0,0,Yes
HEALTH CARE - Conservative,WILYY,0,0,Yes
HEALTH CARE - Conservative,EXAS,0,0,Yes
HEALTH CARE - Conservative,CERN,0,0,Yes
HEALTH CARE - Conservative,HSTO,0,0,Yes
HEALTH CARE - Conservative,VAR,0,0,Yes
HEALTH CARE - Conservative,CDTX,0,0,Yes
HEALTH CARE - Conservative,MDT,0,0,Yes
HEALTH CARE - Conservative,BIIB,0,0,Yes
HEALTH CARE - Conservative,BLI,0,0,Yes
HEALTH CARE - Conservative,PODD,0,0,Yes
HEALTH CARE - Conservative,BMRN,0,0,Yes
HEALTH CARE - Conservative,CGC,0,0,Yes
HEALTH CARE - Conservative,CWBHF,0,0,Yes
HEALTH CARE - Conservative,CCHWF,0,0,Yes
HEALTH CARE - Conservative,TEVA,0,0,Yes
HEALTH CARE - Conservative,AVNS,0,0,Yes
HEALTH CARE - Conservative,DHR,0,0,Yes
HEALTH CARE - Conservative,BDX,0,0,Yes
HEALTH CARE - Conservative,VRTX,0,0,Yes
HEALTH CARE - Conservative,GH,0,0,Yes
HEALTH CARE - Conservative,HEXO,0,0,Yes
HEALTH CARE - Conservative,MJNA,0,0,Yes
HEALTH CARE - Conservative,OGI,0,0,Yes
HEALTH CARE - Conservative,SNDL,0,0,Yes
HEALTH CARE - Conservative,YCBD,0,0,Yes
HEALTH CARE - Conservative,GWPH,0,0,Yes
HEALTH CARE - Conservative,ICAD,0,0,Yes
HEALTH CARE - Conservative,CLVS,0,0,Yes
HEALTH CARE - Conservative,HOLX,0,0,Yes
HEALTH CARE - Conservative,SPHS,0,0,Yes
HEALTH CARE - Conservative,CHNG,0,0,Yes
HEALTH CARE - Conservative,MLND,0,0,Yes
HEALTH CARE - Conservative,ZSAN,0,0,Yes
HEALTH CARE - Conservative,REGN,0,0,Yes
HEALTH CARE - Conservative,VREX,0,0,Yes
HEALTH CARE - Conservative,GSK,0,0,Yes
HEALTH CARE - Conservative,MCK,0,0,Yes
HEALTH CARE - Conservative,NUVA,0,0,Yes
HEALTH CARE - Conservative,BSTG,0,0,Yes
HEALTH CARE - Conservative,HBIO,0,0,Yes
HEALTH CARE - Conservative,RWLK,0,0,Yes
HEALTH CARE - Conservative,LLY,0,0,Yes
HEALTH CARE - Conservative,SIGA,0,0,Yes
HEALTH CARE - Conservative,CRDF,0,0,Yes
HEALTH CARE - Conservative,ZBH,0,0,Yes
HEALTH CARE - Conservative,BHC,0,0,Yes
HEALTH CARE - Conservative,RMD,0,0,Yes
HEALTH CARE - Conservative,AMN,0,0,Yes
HEALTH CARE - Conservative,A,0,0,Yes
HEALTH CARE - Conservative,HZNP,0,0,Yes
HEALTH CARE - Conservative,FLGT,0,0,Yes
HEALTH CARE - Conservative,ALXN,0,0,Yes
HEALTH CARE - Conservative,PHG,0,0,Yes
HEALTH CARE - Conservative,CAH,0,0,Yes
HEALTH CARE - Growth,HRTX,0.39,1000,No
HEALTH CARE - Growth,MRK,0.39,889,No
HEALTH CARE - Growth,BMY,0.22000000000000008,778,No
HEALTH CARE - Growth,GILD,0,667,No
HEALTH CARE - Growth,NVS,0,556,No
HEALTH CARE - Growth,NKTR,0,444,No
HEALTH CARE - Growth,JNJ,0,333,No
HEALTH CARE - Growth,ILMN,0,222,No
HEALTH CARE - Growth,PFE,0,111,No
HEALTH CARE - Growth,VTRS,0,0,Yes
HEALTH CARE - Growth,ABBV,0,0,Yes
HEALTH CARE - Growth,ABT,0,0,Yes
HEALTH CARE - Growth,SYK,0,0,Yes
HEALTH CARE - Growth,ALC,0,0,Yes
HEALTH CARE - Growth,TMO,0,0,Yes
HEALTH CARE - Growth,BAX,0,0,Yes
HEALTH CARE - Growth,NVO,0,0,Yes
HEALTH CARE - Growth,SNY,0,0,Yes
HEALTH CARE - Growth,ADCT,0,0,Yes
HEALTH CARE - Growth,AKUS,0,0,Yes
HEALTH CARE - Growth,ARCT,0,0,Yes
HEALTH CARE - Growth,AUPH,0,0,Yes
HEALTH CARE - Growth,BEAM,0,0,Yes
HEALTH CARE - Growth,BPMC,0,0,Yes
HEALTH CARE - Growth,CRSP,0,0,Yes
HEALTH CARE - Growth,DTIL,0,0,Yes
HEALTH CARE - Growth,EDIT,0,0,Yes
HEALTH CARE - Growth,FIXX,0,0,Yes
HEALTH CARE - Growth,GTHX,0,0,Yes
HEALTH CARE - Growth,HALO,0,0,Yes
HEALTH CARE - Growth,KLDO,0,0,Yes
HEALTH CARE - Growth,KPTI,0,0,Yes
HEALTH CARE - Growth,LOGC,0,0,Yes
HEALTH CARE - Growth,LYRA,0,0,Yes
HEALTH CARE - Growth,MYOV,0,0,Yes
HEALTH CARE - Growth,OPK,0,0,Yes
HEALTH CARE - Growth,OTLK,0,0,Yes
HEALTH CARE - Growth,PASG,0,0,Yes
HEALTH CARE - Growth,PLRX,0,0,Yes
HEALTH CARE - Growth,SPPI,0,0,Yes
HEALTH CARE - Growth,SPRO,0,0,Yes
HEALTH CARE - Growth,AZN,0,0,Yes
HEALTH CARE - Growth,DXCM,0,0,Yes
HEALTH CARE - Growth,EW,0,0,Yes
HEALTH CARE - Growth,MRNA,0,0,Yes
HEALTH CARE - Growth,TNDM,0,0,Yes
HEALTH CARE - Growth,CI,0,0,Yes
HEALTH CARE - Growth,ARVN,0,0,Yes
HEALTH CARE - Growth,CVS,0,0,Yes
HEALTH CARE - Growth,AMGN,0,0,Yes
HEALTH CARE - Growth,ZTS,0,0,Yes
HEALTH CARE - Growth,UNH,0,0,Yes
HEALTH CARE - Growth,NBIX,0,0,Yes
HEALTH CARE - Growth,RNA,0,0,Yes
HEALTH CARE - Growth,SDGR,0,0,Yes
HEALTH CARE - Growth,CRL,0,0,Yes
HEALTH CARE - Growth,ACAD,0,0,Yes
HEALTH CARE - Growth,TDOC,0,0,Yes
HEALTH CARE - Growth,GOSS,0,0,Yes
HEALTH CARE - Growth,TLRY,0,0,Yes
HEALTH CARE - Growth,BSX,0,0,Yes
HEALTH CARE - Growth,BNGO,0,0,Yes
HEALTH CARE - Growth,RGLS,0,0,Yes
HEALTH CARE - Growth,SONVY,0,0,Yes
HEALTH CARE - Growth,WILYY,0,0,Yes
HEALTH CARE - Growth,EXAS,0,0,Yes
HEALTH CARE - Growth,CERN,0,0,Yes
HEALTH CARE - Growth,HSTO,0,0,Yes
HEALTH CARE - Growth,VAR,0,0,Yes
HEALTH CARE - Growth,CDTX,0,0,Yes
HEALTH CARE - Growth,MDT,0,0,Yes
HEALTH CARE - Growth,BIIB,0,0,Yes
HEALTH CARE - Growth,BLI,0,0,Yes
HEALTH CARE - Growth,PODD,0,0,Yes
HEALTH CARE - Growth,BMRN,0,0,Yes
HEALTH CARE - Growth,CGC,0,0,Yes
HEALTH CARE - Growth,CWBHF,0,0,Yes
HEALTH CARE - Growth,CCHWF,0,0,Yes
HEALTH CARE - Growth,TEVA,0,0,Yes
HEALTH CARE - Growth,AVNS,0,0,Yes
HEALTH CARE - Growth,DHR,0,0,Yes
HEALTH CARE - Growth,BDX,0,0,Yes
HEALTH CARE - Growth,VRTX,0,0,Yes
HEALTH CARE - Growth,GH,0,0,Yes
HEALTH CARE - Growth,HEXO,0,0,Yes
HEALTH CARE - Growth,MJNA,0,0,Yes
HEALTH CARE - Growth,OGI,0,0,Yes
HEALTH CARE - Growth,SNDL,0,0,Yes
HEALTH CARE - Growth,YCBD,0,0,Yes
HEALTH CARE - Growth,GWPH,0,0,Yes
HEALTH CARE - Growth,ICAD,0,0,Yes
HEALTH CARE - Growth,CLVS,0,0,Yes
HEALTH CARE - Growth,HOLX,0,0,Yes
HEALTH CARE - Growth,SPHS,0,0,Yes
HEALTH CARE - Growth,CHNG,0,0,Yes
HEALTH CARE - Growth,MLND,0,0,Yes
HEALTH CARE - Growth,ZSAN,0,0,Yes
HEALTH CARE - Growth,REGN,0,0,Yes
HEALTH CARE - Growth,VREX,0,0,Yes
HEALTH CARE - Growth,GSK,0,0,Yes
HEALTH CARE - Growth,MCK,0,0,Yes
HEALTH CARE - Growth,NUVA,0,0,Yes
HEALTH CARE - Growth,BSTG,0,0,Yes
HEALTH CARE - Growth,HBIO,0,0,Yes
HEALTH CARE - Growth,RWLK,0,0,Yes
HEALTH CARE - Growth,LLY,0,0,Yes
HEALTH CARE - Growth,SIGA,0,0,Yes
HEALTH CARE - Growth,CRDF,0,0,Yes
HEALTH CARE - Growth,ZBH,0,0,Yes
HEALTH CARE - Growth,BHC,0,0,Yes
HEALTH CARE - Growth,RMD,0,0,Yes
HEALTH CARE - Growth,AMN,0,0,Yes
HEALTH CARE - Growth,A,0,0,Yes
HEALTH CARE - Growth,HZNP,0,0,Yes
HEALTH CARE - Growth,FLGT,0,0,Yes
HEALTH CARE - Growth,ALXN,0,0,Yes
HEALTH CARE - Growth,PHG,0,0,Yes
HEALTH CARE - Growth,CAH,0,0,Yes
INDUSTRIALS - Conservative,RTX,0.5700000000000001,1000,No
INDUSTRIALS - Conservative,UBER,0.4300000000000001,857,No
INDUSTRIALS - Conservative,EMR,0,714,No
INDUSTRIALS - Conservative,ETN,0,571,No
INDUSTRIALS - Conservative,UNP,0,429,No
INDUSTRIALS - Conservative,CAT,0,286,No
INDUSTRIALS - Conservative,FDX,0,0,Yes
INDUSTRIALS - Conservative,FAST,0,0,Yes
INDUSTRIALS - Conservative,JCI,0,0,Yes
INDUSTRIALS - Conservative,GE,0,0,Yes
INDUSTRIALS - Conservative,BA,0,0,Yes
INDUSTRIALS - Conservative,LUV,0,0,Yes
INDUSTRIALS - Conservative,DAL,0,0,Yes
INDUSTRIALS - Conservative,QUBSF,0,0,Yes
INDUSTRIALS - Conservative,CSX,0,0,Yes
INDUSTRIALS - Conservative,SPCE,0,0,Yes
INDUSTRIALS - Conservative,WAB,0,0,Yes
INDUSTRIALS - Conservative,LMT,0,0,Yes
INDUSTRIALS - Conservative,AQMS,0,0,Yes
INDUSTRIALS - Conservative,MTZ,0,0,Yes
INDUSTRIALS - Conservative,NVT,0,0,Yes
INDUSTRIALS - Conservative,PNR,0,0,Yes
INDUSTRIALS - Conservative,MMM,0,0,Yes
INDUSTRIALS - Conservative,JBLU,0,0,Yes
INDUSTRIALS - Conservative,HON,0,0,Yes
INDUSTRIALS - Conservative,URI,0,0,Yes
INDUSTRIALS - Conservative,FLR,0,0,Yes
INDUSTRIALS - Conservative,UAL,0,0,Yes
INDUSTRIALS - Conservative,WM,0,0,Yes
INDUSTRIALS - Conservative,RSG,0,0,Yes
INDUSTRIALS - Conservative,GD,0,0,Yes
INDUSTRIALS - Conservative,ODFL,0,0,Yes
INDUSTRIALS - Conservative,LHX,0,0,Yes
INDUSTRIALS - Conservative,NSC,0,0,Yes
INDUSTRIALS - Conservative,HCSG,0,0,Yes
INDUSTRIALS - Conservative,ITW,0,0,Yes
INDUSTRIALS - Conservative,AAL,0,0,Yes
INDUSTRIALS - Conservative,AVAV,0,0,Yes
INDUSTRIALS - Conservative,UPS,0,0,Yes
INDUSTRIALS - Conservative,HTZGQ,0,0,Yes
INDUSTRIALS - Conservative,CARR,0,0,Yes
INDUSTRIALS - Conservative,OTIS,0,0,Yes
INDUSTRIALS - Conservative,SPR,0,0,Yes
INDUSTRIALS - Conservative,MAS,0,0,Yes
INDUSTRIALS - Conservative,ROK,0,0,Yes
INDUSTRIALS - Conservative,PKOH,0,0,Yes
INDUSTRIALS - Conservative,DE,0,0,Yes
INDUSTRIALS - Conservative,HWM,0,0,Yes
INDUSTRIALS - Conservative,CHSH,0,0,Yes
INDUSTRIALS - Conservative,FANUY,0,0,Yes
INDUSTRIALS - Conservative,WSC,0,0,Yes
INDUSTRIALS - Conservative,CMI,0,0,Yes
INDUSTRIALS - Conservative,PH,0,0,Yes
INDUSTRIALS - Conservative,WWD,0,0,Yes
INDUSTRIALS - Conservative,PWR,0,0,Yes
INDUSTRIALS - Conservative,EFX,0,0,Yes
INDUSTRIALS - Conservative,DSS,0,0,Yes
INDUSTRIALS - Conservative,GFF,0,0,Yes
INDUSTRIALS - Conservative,ITT,0,0,Yes
INDUSTRIALS - Conservative,IR,0,0,Yes
INDUSTRIALS - Conservative,NOC,0,0,Yes
INDUSTRIALS - Conservative,TT,0,0,Yes
INDUSTRIALS - Conservative,ABB,0,0,Yes
INDUSTRIALS - Conservative,XYL,0,0,No
INDUSTRIALS - Growth,UBER,0.5700000000000001,1000,No
INDUSTRIALS - Growth,RTX,0.4300000000000001,857,No
INDUSTRIALS - Growth,UNP,0,714,No
INDUSTRIALS - Growth,ETN,0,571,No
INDUSTRIALS - Growth,EMR,0,429,No
INDUSTRIALS - Growth,CAT,0,286,No
INDUSTRIALS - Growth,FDX,0,0,Yes
INDUSTRIALS - Growth,FAST,0,0,Yes
INDUSTRIALS - Growth,JCI,0,0,Yes
INDUSTRIALS - Growth,GE,0,0,Yes
INDUSTRIALS - Growth,BA,0,0,Yes
INDUSTRIALS - Growth,LUV,0,0,Yes
INDUSTRIALS - Growth,DAL,0,0,Yes
INDUSTRIALS - Growth,QUBSF,0,0,Yes
INDUSTRIALS - Growth,CSX,0,0,Yes
INDUSTRIALS - Growth,SPCE,0,0,Yes
INDUSTRIALS - Growth,WAB,0,0,Yes
INDUSTRIALS - Growth,LMT,0,0,Yes
INDUSTRIALS - Growth,AQMS,0,0,Yes
INDUSTRIALS - Growth,MTZ,0,0,Yes
INDUSTRIALS - Growth,NVT,0,0,Yes
INDUSTRIALS - Growth,PNR,0,0,Yes
INDUSTRIALS - Growth,MMM,0,0,Yes
INDUSTRIALS - Growth,JBLU,0,0,Yes
INDUSTRIALS - Growth,HON,0,0,Yes
INDUSTRIALS - Growth,URI,0,0,Yes
INDUSTRIALS - Growth,FLR,0,0,Yes
INDUSTRIALS - Growth,UAL,0,0,Yes
INDUSTRIALS - Growth,WM,0,0,Yes
INDUSTRIALS - Growth,RSG,0,0,Yes
INDUSTRIALS - Growth,GD,0,0,Yes
INDUSTRIALS - Growth,ODFL,0,0,Yes
INDUSTRIALS - Growth,LHX,0,0,Yes
INDUSTRIALS - Growth,NSC,0,0,Yes
INDUSTRIALS - Growth,HCSG,0,0,Yes
INDUSTRIALS - Growth,ITW,0,0,Yes
INDUSTRIALS - Growth,AAL,0,0,Yes
INDUSTRIALS - Growth,AVAV,0,0,Yes
INDUSTRIALS - Growth,UPS,0,0,Yes
INDUSTRIALS - Growth,HTZGQ,0,0,Yes
INDUSTRIALS - Growth,CARR,0,0,Yes
INDUSTRIALS - Growth,OTIS,0,0,Yes
INDUSTRIALS - Growth,SPR,0,0,Yes
INDUSTRIALS - Growth,MAS,0,0,Yes
INDUSTRIALS - Growth,ROK,0,0,Yes
INDUSTRIALS - Growth,PKOH,0,0,Yes
INDUSTRIALS - Growth,DE,0,0,Yes
INDUSTRIALS - Growth,HWM,0,0,Yes
INDUSTRIALS - Growth,CHSH,0,0,Yes
INDUSTRIALS - Growth,FANUY,0,0,Yes
INDUSTRIALS - Growth,WSC,0,0,Yes
INDUSTRIALS - Growth,CMI,0,0,Yes
INDUSTRIALS - Growth,PH,0,0,Yes
INDUSTRIALS - Growth,WWD,0,0,Yes
INDUSTRIALS - Growth,PWR,0,0,Yes
INDUSTRIALS - Growth,EFX,0,0,Yes
INDUSTRIALS - Growth,DSS,0,0,Yes
INDUSTRIALS - Growth,GFF,0,0,Yes
INDUSTRIALS - Growth,ITT,0,0,Yes
INDUSTRIALS - Growth,IR,0,0,Yes
INDUSTRIALS - Growth,NOC,0,0,Yes
INDUSTRIALS - Growth,TT,0,0,Yes
INDUSTRIALS - Growth,ABB,0,0,Yes
INDUSTRIALS - Growth,XYL,0,0,No
INFORMATION TECHNOLOGY - Conservative,QCOM,0.19,1000,No
INFORMATION TECHNOLOGY - Conservative,MSFT,0.19,846,No
INFORMATION TECHNOLOGY - Conservative,CSCO,0.19,769,No
INFORMATION TECHNOLOGY - Conservative,CRM,0.19,692,No
INFORMATION TECHNOLOGY - Conservative,AAPL,0.19,615,No
INFORMATION TECHNOLOGY - Conservative,INTC,0.049999999999999885,538,No
INFORMATION TECHNOLOGY - Conservative,MU,0,462,No
INFORMATION TECHNOLOGY - Conservative,ORCL,0,385,No
INFORMATION TECHNOLOGY - Conservative,NXPI,0,308,No
INFORMATION TECHNOLOGY - Conservative,V,0,231,No
INFORMATION TECHNOLOGY - Conservative,PLTR,0,154,No
INFORMATION TECHNOLOGY - Conservative,ADSK,0,77,No
INFORMATION TECHNOLOGY - Conservative,FISV,0,0,Yes
INFORMATION TECHNOLOGY - Conservative,AKTS,0,0,Yes
INFORMATION TECHNOLOGY - Conservative,VHC,0,0,Yes
INFORMATION TECHNOLOGY - Conservative,GLW,0,0,Yes
INFORMATION TECHNOLOGY - Conservative,MA,0,0,Yes
INFORMATION TECHNOLOGY - Conservative,AMAT,0,0,Yes
INFORMATION TECHNOLOGY - Conservative,ITI,0,0,Yes
INFORMATION TECHNOLOGY - Conservative,QMCO,0,0,Yes
INFORMATION TECHNOLOGY - Conservative,STX,0,0,Yes
INFORMATION TECHNOLOGY - Conservative,PYPL,0,0,Yes
INFORMATION TECHNOLOGY - Conservative,CRNT,0,0,Yes
INFORMATION TECHNOLOGY - Conservative,DOCU,0,0,Yes
INFORMATION TECHNOLOGY - Conservative,FOUR,0,0,Yes
INFORMATION TECHNOLOGY - Conservative,IIVI,0,0,Yes
INFORMATION TECHNOLOGY - Conservative,INFN,0,0,Yes
INFORMATION TECHNOLOGY - Conservative,LITE,0,0,Yes
INFORMATION TECHNOLOGY - Conservative,MRAM,0,0,Yes
INFORMATION TECHNOLOGY - Conservative,NOK,0,0,Yes
INFORMATION TECHNOLOGY - Conservative,NTNX,0,0,Yes
INFORMATION TECHNOLOGY - Conservative,OLED,0,0,Yes
INFORMATION TECHNOLOGY - Conservative,PD,0,0,Yes
INFORMATION TECHNOLOGY - Conservative,PING,0,0,Yes
INFORMATION TECHNOLOGY - Conservative,TSEM,0,0,Yes
INFORMATION TECHNOLOGY - Conservative,YEXT,0,0,Yes
INFORMATION TECHNOLOGY - Conservative,ZUO,0,0,Yes
INFORMATION TECHNOLOGY - Conservative,AMD,0,0,Yes
INFORMATION TECHNOLOGY - Conservative,ADBE,0,0,Yes
INFORMATION TECHNOLOGY - Conservative,KLIC,0,0,Yes
INFORMATION TECHNOLOGY - Conservative,LRCX,0,0,Yes
INFORMATION TECHNOLOGY - Conservative,NVDA,0,0,Yes
INFORMATION TECHNOLOGY - Conservative,PAYX,0,0,Yes
INFORMATION TECHNOLOGY - Conservative,SHOP,0,0,Yes
INFORMATION TECHNOLOGY - Conservative,SQ,0,0,Yes
INFORMATION TECHNOLOGY - Conservative,TRMB,0,0,Yes
INFORMATION TECHNOLOGY - Conservative,TWLO,0,0,Yes
INFORMATION TECHNOLOGY - Conservative,STM,0,0,Yes
INFORMATION TECHNOLOGY - Conservative,DELL,0,0,Yes
INFORMATION TECHNOLOGY - Conservative,VSAT,0,0,Yes
INFORMATION TECHNOLOGY - Conservative,TXN,0,0,Yes
INFORMATION TECHNOLOGY - Conservative,BOX,0,0,Yes
INFORMATION TECHNOLOGY - Conservative,CRWD,0,0,Yes
INFORMATION TECHNOLOGY - Conservative,ZM,0,0,Yes
INFORMATION TECHNOLOGY - Conservative,CGNX,0,0,Yes
INFORMATION TECHNOLOGY - Conservative,ERIC,0,0,Yes
INFORMATION TECHNOLOGY - Conservative,TTD,0,0,Yes
INFORMATION TECHNOLOGY - Conservative,FTNT,0,0,Yes
INFORMATION TECHNOLOGY - Conservative,OKTA,0,0,Yes
INFORMATION TECHNOLOGY - Conservative,SEDG,0,0,Yes
INFORMATION TECHNOLOGY - Conservative,IFNNY,0,0,Yes
INFORMATION TECHNOLOGY - Conservative,SYNA,0,0,Yes
INFORMATION TECHNOLOGY - Conservative,FSLR,0,0,Yes
INFORMATION TECHNOLOGY - Conservative,SNPS,0,0,Yes
INFORMATION TECHNOLOGY - Conservative,SSYS,0,0,Yes
INFORMATION TECHNOLOGY - Conservative,BB,0,0,Yes
INFORMATION TECHNOLOGY - Conservative,DDD,0,0,Yes
INFORMATION TECHNOLOGY - Conservative,KODK,0,0,Yes
INFORMATION TECHNOLOGY - Conservative,FEYE,0,0,Yes
INFORMATION TECHNOLOGY - Conservative,TSM,0,0,Yes
INFORMATION TECHNOLOGY - Conservative,ENPH,0,0,Yes
INFORMATION TECHNOLOGY - Conservative,SPWR,0,0,Yes
INFORMATION TECHNOLOGY - Conservative,BR,0,0,Yes
INFORMATION TECHNOLOGY - Conservative,CDK,0,0,Yes
INFORMATION TECHNOLOGY - Conservative,AVGO,0,0,Yes
INFORMATION TECHNOLOGY - Conservative,QRVO,0,0,Yes
INFORMATION TECHNOLOGY - Conservative,TDC,0,0,Yes
INFORMATION TECHNOLOGY - Conservative,WDC,0,0,Yes
INFORMATION TECHNOLOGY - Conservative,HPQ,0,0,Yes
INFORMATION TECHNOLOGY - Conservative,CRUS,0,0,Yes
INFORMATION TECHNOLOGY - Conservative,ADP,0,0,Yes
INFORMATION TECHNOLOGY - Conservative,SAP,0,0,Yes
INFORMATION TECHNOLOGY - Conservative,INTU,0,0,Yes
INFORMATION TECHNOLOGY - Conservative,ASML,0,0,Yes
INFORMATION TECHNOLOGY - Conservative,MCHP,0,0,Yes
INFORMATION TECHNOLOGY - Conservative,MKSI,0,0,Yes
INFORMATION TECHNOLOGY - Conservative,HPE,0,0,Yes
INFORMATION TECHNOLOGY - Conservative,PRSP,0,0,Yes
INFORMATION TECHNOLOGY - Conservative,KEYS,0,0,Yes
INFORMATION TECHNOLOGY - Conservative,APPN,0,0,Yes
INFORMATION TECHNOLOGY - Conservative,ACN,0,0,Yes
INFORMATION TECHNOLOGY - Conservative,WNDW,0,0,Yes
INFORMATION TECHNOLOGY - Conservative,SNOW,0,0,Yes
INFORMATION TECHNOLOGY - Conservative,PANW,0,0,Yes
INFORMATION TECHNOLOGY - Conservative,CLOK,0,0,Yes
INFORMATION TECHNOLOGY - Conservative,ADI,0,0,Yes
INFORMATION TECHNOLOGY - Conservative,FIS,0,0,Yes
INFORMATION TECHNOLOGY - Conservative,IBM,0,0,No
INFORMATION TECHNOLOGY - Growth,CRM,0.19,1000,No
INFORMATION TECHNOLOGY - Growth,QCOM,0.19,923,No
INFORMATION TECHNOLOGY - Growth,MSFT,0.19,846,No
INFORMATION TECHNOLOGY - Growth,MU,0.19,769,No
INFORMATION TECHNOLOGY - Growth,PLTR,0.19,692,No
INFORMATION TECHNOLOGY - Growth,ADSK,0.049999999999999885,615,No
INFORMATION TECHNOLOGY - Growth,AAPL,0,538,No
INFORMATION TECHNOLOGY - Growth,ORCL,0,385,No
INFORMATION TECHNOLOGY - Growth,V,0,308,No
INFORMATION TECHNOLOGY - Growth,CSCO,0,231,No
INFORMATION TECHNOLOGY - Growth,INTC,0,154,No
INFORMATION TECHNOLOGY - Growth,NXPI,0,77,No
INFORMATION TECHNOLOGY - Growth,FISV,0,0,Yes
INFORMATION TECHNOLOGY - Growth,AKTS,0,0,Yes
INFORMATION TECHNOLOGY - Growth,VHC,0,0,Yes
INFORMATION TECHNOLOGY - Growth,GLW,0,0,Yes
INFORMATION TECHNOLOGY - Growth,MA,0,0,Yes
INFORMATION TECHNOLOGY - Growth,AMAT,0,0,Yes
INFORMATION TECHNOLOGY - Growth,ITI,0,0,Yes
INFORMATION TECHNOLOGY - Growth,QMCO,0,0,Yes
INFORMATION TECHNOLOGY - Growth,STX,0,0,Yes
INFORMATION TECHNOLOGY - Growth,PYPL,0,0,Yes
INFORMATION TECHNOLOGY - Growth,CRNT,0,0,Yes
INFORMATION TECHNOLOGY - Growth,DOCU,0,0,Yes
INFORMATION TECHNOLOGY - Growth,FOUR,0,0,Yes
INFORMATION TECHNOLOGY - Growth,IIVI,0,0,Yes
INFORMATION TECHNOLOGY - Growth,INFN,0,0,Yes
INFORMATION TECHNOLOGY - Growth,LITE,0,0,Yes
INFORMATION TECHNOLOGY - Growth,MRAM,0,0,Yes
INFORMATION TECHNOLOGY - Growth,NOK,0,0,Yes
INFORMATION TECHNOLOGY - Growth,NTNX,0,0,Yes
INFORMATION TECHNOLOGY - Growth,OLED,0,0,Yes
INFORMATION TECHNOLOGY - Growth,PD,0,0,Yes
INFORMATION TECHNOLOGY - Growth,PING,0,0,Yes
INFORMATION TECHNOLOGY - Growth,TSEM,0,0,Yes
INFORMATION TECHNOLOGY - Growth,YEXT,0,0,Yes
INFORMATION TECHNOLOGY - Growth,ZUO,0,0,Yes
INFORMATION TECHNOLOGY - Growth,AMD,0,0,Yes
INFORMATION TECHNOLOGY - Growth,ADBE,0,0,Yes
INFORMATION TECHNOLOGY - Growth,KLIC,0,0,Yes
INFORMATION TECHNOLOGY - Growth,LRCX,0,0,Yes
INFORMATION TECHNOLOGY - Growth,NVDA,0,0,Yes
INFORMATION TECHNOLOGY - Growth,PAYX,0,0,Yes
INFORMATION TECHNOLOGY - Growth,SHOP,0,0,Yes
INFORMATION TECHNOLOGY - Growth,SQ,0,0,Yes
INFORMATION TECHNOLOGY - Growth,TRMB,0,0,Yes
INFORMATION TECHNOLOGY - Growth,TWLO,0,0,Yes
INFORMATION TECHNOLOGY - Growth,STM,0,0,Yes
INFORMATION TECHNOLOGY - Growth,DELL,0,0,Yes
INFORMATION TECHNOLOGY - Growth,VSAT,0,0,Yes
INFORMATION TECHNOLOGY - Growth,TXN,0,0,Yes
INFORMATION TECHNOLOGY - Growth,BOX,0,0,Yes
INFORMATION TECHNOLOGY - Growth,CRWD,0,0,Yes
INFORMATION TECHNOLOGY - Growth,ZM,0,0,Yes
INFORMATION TECHNOLOGY - Growth,CGNX,0,0,Yes
INFORMATION TECHNOLOGY - Growth,ERIC,0,0,Yes
INFORMATION TECHNOLOGY - Growth,TTD,0,0,Yes
INFORMATION TECHNOLOGY - Growth,FTNT,0,0,Yes
INFORMATION TECHNOLOGY - Growth,OKTA,0,0,Yes
INFORMATION TECHNOLOGY - Growth,SEDG,0,0,Yes
INFORMATION TECHNOLOGY - Growth,IFNNY,0,0,Yes
INFORMATION TECHNOLOGY - Growth,SYNA,0,0,Yes
INFORMATION TECHNOLOGY - Growth,FSLR,0,0,Yes
INFORMATION TECHNOLOGY - Growth,SNPS,0,0,Yes
INFORMATION TECHNOLOGY - Growth,SSYS,0,0,Yes
INFORMATION TECHNOLOGY - Growth,BB,0,0,Yes
INFORMATION TECHNOLOGY - Growth,DDD,0,0,Yes
INFORMATION TECHNOLOGY - Growth,KODK,0,0,Yes
INFORMATION TECHNOLOGY - Growth,FEYE,0,0,Yes
INFORMATION TECHNOLOGY - Growth,TSM,0,0,Yes
INFORMATION TECHNOLOGY - Growth,ENPH,0,0,Yes
INFORMATION TECHNOLOGY - Growth,SPWR,0,0,Yes
INFORMATION TECHNOLOGY - Growth,BR,0,0,Yes
INFORMATION TECHNOLOGY - Growth,CDK,0,0,Yes
INFORMATION TECHNOLOGY - Growth,AVGO,0,0,Yes
INFORMATION TECHNOLOGY - Growth,QRVO,0,0,Yes
INFORMATION TECHNOLOGY - Growth,TDC,0,0,Yes
INFORMATION TECHNOLOGY - Growth,WDC,0,0,Yes
INFORMATION TECHNOLOGY - Growth,HPQ,0,0,Yes
INFORMATION TECHNOLOGY - Growth,CRUS,0,0,Yes
INFORMATION TECHNOLOGY - Growth,ADP,0,0,Yes
INFORMATION TECHNOLOGY - Growth,SAP,0,0,Yes
INFORMATION TECHNOLOGY - Growth,INTU,0,0,Yes
INFORMATION TECHNOLOGY - Growth,ASML,0,0,Yes
INFORMATION TECHNOLOGY - Growth,MCHP,0,0,Yes
INFORMATION TECHNOLOGY - Growth,MKSI,0,0,Yes
INFORMATION TECHNOLOGY - Growth,HPE,0,0,Yes
INFORMATION TECHNOLOGY - Growth,PRSP,0,0,Yes
INFORMATION TECHNOLOGY - Growth,KEYS,0,0,Yes
INFORMATION TECHNOLOGY - Growth,APPN,0,0,Yes
INFORMATION TECHNOLOGY - Growth,ACN,0,0,Yes
INFORMATION TECHNOLOGY - Growth,WNDW,0,0,Yes
INFORMATION TECHNOLOGY - Growth,SNOW,0,0,Yes
INFORMATION TECHNOLOGY - Growth,PANW,0,0,Yes
INFORMATION TECHNOLOGY - Growth,CLOK,0,0,Yes
INFORMATION TECHNOLOGY - Growth,ADI,0,0,Yes
INFORMATION TECHNOLOGY - Growth,FIS,0,0,Yes
INFORMATION TECHNOLOGY - Growth,IBM,0,0,No
MATERIALS - Conservative,CTVA,1,1000,No
MATERIALS - Conservative,FCX,0,500,No
MATERIALS - Conservative,ECL,0,0,Yes
MATERIALS - Conservative,PPG,0,0,Yes
MATERIALS - Conservative,AA,0,0,Yes
MATERIALS - Conservative,GAU,0,0,Yes
MATERIALS - Conservative,USAS,0,0,Yes
MATERIALS - Conservative,DOW,0,0,Yes
MATERIALS - Conservative,NUE,0,0,Yes
MATERIALS - Conservative,RPM,0,0,Yes
MATERIALS - Conservative,SHW,0,0,Yes
MATERIALS - Conservative,VALE,0,0,Yes
MATERIALS - Conservative,IP,0,0,Yes
MATERIALS - Conservative,APD,0,0,Yes
MATERIALS - Conservative,EMN,0,0,Yes
MATERIALS - Conservative,LIN,0,0,Yes
MATERIALS - Conservative,SON,0,0,Yes
MATERIALS - Conservative,NTR,0,0,Yes
MATERIALS - Conservative,MOS,0,0,Yes
MATERIALS - Conservative,DD,0,0,Yes
MATERIALS - Conservative,ARNC,0,0,Yes
MATERIALS - Conservative,ARTTF,0,0,Yes
MATERIALS - Conservative,KL,0,0,Yes
MATERIALS - Conservative,NSRPF,0,0,Yes
MATERIALS - Conservative,AUY,0,0,Yes
MATERIALS - Conservative,GOLD,0,0,Yes
MATERIALS - Conservative,PKG,0,0,Yes
MATERIALS - Growth,CTVA,1,1000,No
MATERIALS - Growth,FCX,0,500,No
MATERIALS - Growth,ECL,0,0,Yes
MATERIALS - Growth,PPG,0,0,Yes
MATERIALS - Growth,AA,0,0,Yes
MATERIALS - Growth,GAU,0,0,Yes
MATERIALS - Growth,USAS,0,0,Yes
MATERIALS - Growth,DOW,0,0,Yes
MATERIALS - Growth,NUE,0,0,Yes
MATERIALS - Growth,RPM,0,0,Yes
MATERIALS - Growth,SHW,0,0,Yes
MATERIALS - Growth,VALE,0,0,Yes
MATERIALS - Growth,IP,0,0,Yes
MATERIALS - Growth,APD,0,0,Yes
MATERIALS - Growth,EMN,0,0,Yes
MATERIALS - Growth,LIN,0,0,Yes
MATERIALS - Growth,SON,0,0,Yes
MATERIALS - Growth,NTR,0,0,Yes
MATERIALS - Growth,MOS,0,0,Yes
MATERIALS - Growth,DD,0,0,Yes
MATERIALS - Growth,ARNC,0,0,Yes
MATERIALS - Growth,ARTTF,0,0,Yes
MATERIALS - Growth,KL,0,0,Yes
MATERIALS - Growth,NSRPF,0,0,Yes
MATERIALS - Growth,AUY,0,0,Yes
MATERIALS - Growth,GOLD,0,0,Yes
MATERIALS - Growth,PKG,0,0,Yes
REAL ESTATE - Conservative,O,1,1000,No
REAL ESTATE - Conservative,WELL,0,500,No
REAL ESTATE - Conservative,KIM,0,0,Yes
REAL ESTATE - Conservative,IIPR,0,0,Yes
REAL ESTATE - Conservative,SQFT,0,0,Yes
REAL ESTATE - Conservative,DLR,0,0,Yes
REAL ESTATE - Conservative,RPAI,0,0,Yes
REAL ESTATE - Conservative,PSA,0,0,Yes
REAL ESTATE - Conservative,UNIT,0,0,Yes
REAL ESTATE - Conservative,NMRK,0,0,Yes
REAL ESTATE - Conservative,VTR,0,0,Yes
REAL ESTATE - Conservative,RDFN,0,0,Yes
REAL ESTATE - Conservative,USRE,0,0,Yes
REAL ESTATE - Conservative,VER,0,0,Yes
REAL ESTATE - Conservative,APTS,0,0,Yes
REAL ESTATE - Conservative,REZI,0,0,Yes
REAL ESTATE - Conservative,CXP,0,0,Yes
REAL ESTATE - Conservative,SRC,0,0,Yes
REAL ESTATE - Conservative,OLP,0,0,Yes
REAL ESTATE - Conservative,PEAK,0,0,Yes
REAL ESTATE - Conservative,HST,0,0,Yes
REAL ESTATE - Conservative,ZGEA.EX,0,0,Yes
REAL ESTATE - Conservative,AMT,0,0,Yes
REAL ESTATE - Conservative,WPC,0,0,Yes
REAL ESTATE - Conservative,SVC,0,0,Yes
REAL ESTATE - Conservative,MPW,0,0,Yes
REAL ESTATE - Conservative,WY,0,0,Yes
REAL ESTATE - Growth,O,1,1000,No
REAL ESTATE - Growth,WELL,0,500,No
REAL ESTATE - Growth,KIM,0,0,Yes
REAL ESTATE - Growth,IIPR,0,0,Yes
REAL ESTATE - Growth,SQFT,0,0,Yes
REAL ESTATE - Growth,DLR,0,0,Yes
REAL ESTATE - Growth,RPAI,0,0,Yes
REAL ESTATE - Growth,PSA,0,0,Yes
REAL ESTATE - Growth,UNIT,0,0,Yes
REAL ESTATE - Growth,NMRK,0,0,Yes
REAL ESTATE - Growth,VTR,0,0,Yes
REAL ESTATE - Growth,RDFN,0,0,Yes
REAL ESTATE - Growth,USRE,0,0,Yes
REAL ESTATE - Growth,VER,0,0,Yes
REAL ESTATE - Growth,APTS,0,0,Yes
REAL ESTATE - Growth,REZI,0,0,Yes
REAL ESTATE - Growth,CXP,0,0,Yes
REAL ESTATE - Growth,SRC,0,0,Yes
REAL ESTATE - Growth,OLP,0,0,Yes
REAL ESTATE - Growth,PEAK,0,0,Yes
REAL ESTATE - Growth,HST,0,0,Yes
REAL ESTATE - Growth,ZGEA.EX,0,0,Yes
REAL ESTATE - Growth,AMT,0,0,Yes
REAL ESTATE - Growth,WPC,0,0,Yes
REAL ESTATE - Growth,SVC,0,0,Yes
REAL ESTATE - Growth,MPW,0,0,Yes
REAL ESTATE - Growth,WY,0,0,Yes
UTILITIES - Conservative,DUK,1,500,No
UTILITIES - Conservative,CMS,0,0,Yes
UTILITIES - Conservative,EIX,0,0,Yes
UTILITIES - Conservative,PEG,0,0,Yes
UTILITIES - Conservative,WEC,0,0,Yes
UTILITIES - Conservative,FE,0,0,Yes
UTILITIES - Conservative,SRE,0,0,Yes
UTILITIES - Conservative,PPL,0,0,Yes
UTILITIES - Conservative,LNT,0,0,Yes
UTILITIES - Conservative,EVRG,0,0,Yes
UTILITIES - Conservative,AVA,0,0,Yes
UTILITIES - Conservative,EXC,0,0,Yes
UTILITIES - Conservative,CNP,0,0,Yes
UTILITIES - Conservative,BEPC,0,0,Yes
UTILITIES - Conservative,AEP,0,0,Yes
UTILITIES - Conservative,D,0,0,Yes
UTILITIES - Conservative,ED,0,0,Yes
UTILITIES - Conservative,MDU,0,0,Yes
UTILITIES - Conservative,SWX,0,0,Yes
UTILITIES - Conservative,PNW,0,0,Yes
UTILITIES - Conservative,PNM,0,0,Yes
UTILITIES - Conservative,ES,0,0,Yes
UTILITIES - Conservative,AWK,0,0,Yes
UTILITIES - Conservative,AY,0,0,Yes
UTILITIES - Conservative,SO,0,0,No
UTILITIES - Growth,DUK,1,1000,No
UTILITIES - Growth,CMS,0,0,Yes
UTILITIES - Growth,EIX,0,0,Yes
UTILITIES - Growth,PEG,0,0,Yes
UTILITIES - Growth,WEC,0,0,Yes
UTILITIES - Growth,FE,0,0,Yes
UTILITIES - Growth,SRE,0,0,Yes
UTILITIES - Growth,PPL,0,0,Yes
UTILITIES - Growth,LNT,0,0,Yes
UTILITIES - Growth,EVRG,0,0,Yes
UTILITIES - Growth,AVA,0,0,Yes
UTILITIES - Growth,EXC,0,0,Yes
UTILITIES - Growth,CNP,0,0,Yes
UTILITIES - Growth,BEPC,0,0,Yes
UTILITIES - Growth,AEP,0,0,Yes
UTILITIES - Growth,D,0,0,Yes
UTILITIES - Growth,ED,0,0,Yes
UTILITIES - Growth,MDU,0,0,Yes
UTILITIES - Growth,SWX,0,0,Yes
UTILITIES - Growth,PNW,0,0,Yes
UTILITIES - Growth,PNM,0,0,Yes
UTILITIES - Growth,ES,0,0,Yes
UTILITIES - Growth,AWK,0,0,Yes
UTILITIES - Growth,AY,0,0,Yes
UTILITIES - Growth,SO,0,0,No
